{
  "calibrated_tau_h": 0.9870578646659851,
  "calibrated_tau_l": 0.00660986453294754,
  "n_test_mal": 1707,
  "n_test_ben": 1056
}