{
  "n_predictions_matched": 5525,
  "n_malicious": 3413,
  "n_benign": 2112,
  "block_rate": 0.671,
  "fp_rate": 0.0005,
  "latency_ms": {
    "p50": 73.231,
    "p95": 105.736,
    "p99": 168.807
  },
  "total_cost_usd": 0.0,
  "by_distribution": {
    "in_distribution": {
      "n_malicious": 53,
      "n_benign": 4,
      "block_rate": 0.5660377358490566,
      "fp_rate": 0.25
    },
    "near_ood": {
      "n_malicious": 3340,
      "n_benign": 2108,
      "block_rate": 0.6718562874251497,
      "fp_rate": 0.0
    },
    "far_ood": {
      "n_malicious": 20,
      "n_benign": 0,
      "block_rate": 0.8,
      "fp_rate": null
    }
  },
  "by_category": {
    "sql_injection": {
      "n": 17,
      "block_rate": 0.8823529411764706
    },
    "path_traversal": {
      "n": 11,
      "block_rate": 0.8181818181818182
    },
    "sensitive_file": {
      "n": 9,
      "block_rate": 0.2222222222222222
    },
    "shell_injection": {
      "n": 11,
      "block_rate": 0.9090909090909091
    },
    "prompt_injection": {
      "n": 14,
      "block_rate": 0.35714285714285715
    },
    "data_exfiltration": {
      "n": 2178,
      "block_rate": 0.7966023875114784
    },
    "uncategorized": {
      "n": 7,
      "block_rate": 0.2857142857142857
    },
    "unauthorized_action": {
      "n": 1164,
      "block_rate": 0.4381443298969072
    },
    "pii_leakage": {
      "n": 2,
      "block_rate": 1.0
    }
  },
  "baseline": "llama_guard",
  "benchmark": "aegis-bench",
  "n_records": 5525,
  "wall_time_s": 496.145,
  "timestamp": "20260417-102343"
}